Entry ID,EMDB Map,split
3IYL,EMD-5160,train
3IZX,EMD-5256,train
3J40,EMD-5678,train
3J7W,EMD-6035,train
3J81,EMD-2763,train
3J94,EMD-6204,train
3J9D,EMD-6239,train
3J9E,EMD-6240,train
3J9P,EMD-6267,train
3JA7,EMD-6324,train
3JB4,EMD-6394,train
3JB5,EMD-6398,train
3JBE,EMD-6433,train
3JBW,EMD-6489,train
3JCZ,EMD-6630,train
5AN8,EMD-6455,train
5FTL,EMD-3297,train
5FWK,EMD-3337,train
5I68,EMD-8072,train
5IZ7,EMD-8139,train
5JZH,EMD-8185,train
5KIP,EMD-8253,train
5LVC,EMD-4112,train
5M32,EMD-4146,train
5N8O,EMD-3601,train
5N9Y,EMD-3605,train
5OYB,EMD-3860,train
5TC1,EMD-8397,train
5TCQ,EMD-8399,train
5UAR,EMD-8461,train
5VKQ,EMD-8702,train
5VVR,EMD-8735,train
5W0S,EMD-8750,train
5W68,EMD-8778,train
5WC3,EMD-8795,train
5WQ7,EMD-6675,train
5XWY,EMD-6777,train
5Z10,EMD-6865,train
5Z1F,EMD-6875,train
5ZJI,EMD-6932,train
5ZQZ,EMD-6940,train
5ZR1,EMD-6941,train
5ZX5,EMD-6975,train
6A69,EMD-6987,train
6AB5,EMD-6999,train
6ADQ,EMD-9610,train
6AHC,EMD-9623,train
6B3O,EMD-7040,train
6B3Q,EMD-7041,train
6BBJ,EMD-7075,train
6BVF,EMD-7294,train
6C4H,EMD-7340,train
6C66,EMD-7347,train
6CJQ,EMD-7482,train
6CT0,EMD-7610,train
6D7W,EMD-7826,train
6DJU,EMD-7942,train
6DJY,EMD-7944,train
6DLZ,EMD-7959,train
6DNF,EMD-7971,train
6DT0,EMD-8911,train
6E0F,EMD-8946,train
6.00E+15,EMD-8954,train
6E1H,EMD-8955,train
6E2F,EMD-8961,train
6E7P,EMD-9000,train
6EBL,EMD-9025,train
6EGV,EMD-3865,train
6FHS,EMD-4264,train
6G2D,EMD-4342,train
6GYB,EMD-0089,train
6H3N,EMD-0136,train
6HZ4,EMD-0310,train
6I1Y,EMD-0327,train
6I2T,EMD-4400,train
6I9E,EMD-4433,train
6IAC,EMD-4435,train
6IAT,EMD-4438,train
6IFK,EMD-9653,train
6IXH,EMD-9747,train
6IZL,EMD-9754,train
6J6K,EMD-0690,train
6JC3,EMD-9793,train
6JNF,EMD-9851,train
6JPQ,EMD-9870,train
6JQM,EMD-9874,train
6JT0,EMD-9883,train
6JXR,EMD-9895,train
6K15,EMD-9905,train
6K9Q,EMD-9952,train
6KA4,EMD-9954,train
6KFF,EMD-9971,train
6KLC,EMD-0706,train
6KUJ,EMD-9887,train
6KZ3,EMD-0784,train
6KZ4,EMD-0785,train
6KZO,EMD-0791,train
6L2T,EMD-0814,train
6L3H,EMD-0822,train
6L42,EMD-0828,train
6L47,EMD-0831,train
6LAR,EMD-0862,train
6LAT,EMD-0863,train
6LBA,EMD-0868,train
6LMV,EMD-0921,train
6LMX,EMD-0923,train
6LO8,EMD-0935,train
6LOD,EMD-0936,train
6LRR,EMD-0959,train
6LVC,EMD-0989,train
6LX3,EMD-30004,train
6LXD,EMD-30005,train
6LYG,EMD-30016,train
6LZ1,EMD-30021,train
6LZ3,EMD-30022,train
6M3W,EMD-30072,train
6M5R,EMD-30090,train
6M6Z,EMD-30126,train
6M79,EMD-30128,train
6MDR,EMD-9104,train
6ME0,EMD-9105,train
6MG8,EMD-9111,train
6MGV,EMD-9112,train
6MHO,EMD-9115,train
6MHQ,EMD-9116,train
6MI7,EMD-9125,train
6MP6,EMD-9187,train
6MUR,EMD-9253,train
6MX7,EMD-9281,train
6N1Q,EMD-9317,train
6N24,EMD-9322,train
6N3Q,EMD-0336,train
6N52,EMD-0346,train
6NF9,EMD-9363,train
6NJO,EMD-9390,train
6NM9,EMD-9398,train
6NPJ,EMD-0471,train
6NPK,EMD-0472,train
6NQ0,EMD-0477,train
6NTS,EMD-0510,train
6NUR,EMD-0520,train
6NYF,EMD-0542,train
6NZU,EMD-0560,train
6O1K,EMD-0590,train
6O2N,EMD-0609,train
6OGY,EMD-20059,train
6OIS,EMD-20080,train
6OSA,EMD-20181,train
6P07,EMD-20226,train
6P25,EMD-20236,train
6P2P,EMD-20239,train
6P4J,EMD-20250,train
6P6F,EMD-20261,train
6PK4,EMD-20354,train
6PNS,EMD-20398,train
6PPB,EMD-20432,train
6PPE,EMD-20434,train
6PPI,EMD-20437,train
6PPL,EMD-20442,train
6PPR,EMD-20446,train
6PUO,EMD-20478,train
6PW4,EMD-20498,train
6Q6G,EMD-4465,train
6QB8,EMD-4489,train
6QJT,EMD-4567,train
6QK7,EMD-4571,train
6QKC,EMD-4572,train
6QLF,EMD-4581,train
6QXF,EMD-4668,train
6R5K,EMD-4728,train
6RAO,EMD-4782,train
6RB9,EMD-4789,train
6RBG,EMD-4798,train
6RIE,EMD-4890,train
6RJ0,EMD-4899,train
6RJ9,EMD-4900,train
6RKD,EMD-4907,train
6RKS,EMD-4909,train
6RQF,EMD-4981,train
6RTK,EMD-10001,train
6RWB,EMD-10037,train
6S2C,EMD-10087,train
6S3L,EMD-10093,train
6S3Q,EMD-10094,train
6S44,EMD-10097,train
6S59,EMD-10099,train
6S6S,EMD-10104,train
6S6V,EMD-10107,train
6SCN,EMD-10143,train
6SH3,EMD-10192,train
6SHL,EMD-10200,train
6SI8,EMD-10208,train
6SIH,EMD-10210,train
6SKZ,EMD-10232,train
6SM3,EMD-10241,train
6SO5,EMD-10266,train
6SZ9,EMD-10350,train
6T8B,EMD-10399,train
6T8H,EMD-10401,train
6TDW,EMD-10469,train
6TEH,EMD-10490,train
6TMV,EMD-10528,train
6TNY,EMD-10539,train
6TO8,EMD-10541,train
6TT7,EMD-10573,train
6TY8,EMD-20581,train
6U1X,EMD-20614,train
6U2V,EMD-20626,train
6U5J,EMD-20647,train
6U5N,EMD-20650,train
6U5W,EMD-20658,train
6U9H,EMD-20700,train
6UA2,EMD-20704,train
6UD3,EMD-20731,train
6UEN,EMD-20754,train
6UH5,EMD-20767,train
6UKP,EMD-20808,train
6UR8,EMD-20857,train
6URG,EMD-20860,train
6UVR,EMD-20914,train
6UZH,EMD-20959,train
6V11,EMD-21009,train
6V35,EMD-21028,train
6V3K,EMD-21038,train
6V4D,EMD-21040,train
6V69,EMD-21060,train
6V9H,EMD-21120,train
6V9Z,EMD-21132,train
6VAM,EMD-21143,train
6VBW,EMD-21146,train
6VCD,EMD-21149,train
6VD7,EMD-21150,train
6VFH,EMD-21172,train
6VJY,EMD-21220,train
6VRB,EMD-21366,train
6VWK,EMD-21419,train
6W4X,EMD-21540,train
6W6W,EMD-21567,train
6WB8,EMD-21586,train
6WBX,EMD-21600,train
6WCZ,EMD-21618,train
6WDN,EMD-21642,train
6WHW,EMD-21678,train
6WLV,EMD-21843,train
6WM3,EMD-21848,train
6WPK,EMD-21863,train
6WU1,EMD-21902,train
6WU3,EMD-21904,train
6WUH,EMD-21913,train
6X0U,EMD-21984,train
6X4S,EMD-22042,train
6X67,EMD-22072,train
6XE6,EMD-22144,train
6XEO,EMD-22146,train
6XG6,EMD-22174,train
6XWN,EMD-10632,train
6Y5K,EMD-10700,train
6Y83,EMD-10722,train
6YLE,EMD-10836,train
6YS8,EMD-10893,train
6YSF,EMD-10895,train
6YTK,EMD-10917,train
6YTV,EMD-10924,train
6YW6,EMD-10959,train
6Z2X,EMD-11051,train
6ZML,EMD-11293,train
6ZXJ,EMD-11522,train
6ZYM,EMD-11569,train
7AGF,EMD-11778,train
7C7Q,EMD-30300,train
7C8D,EMD-30305,train
7CAL,EMD-30334,train
7CFS,EMD-30346,train
7CR0,EMD-30443,train
7D0F,EMD-30532,train
7D0I,EMD-30535,train
7JLO,EMD-22375,train
7K8Y,EMD-22735,train
7KHA,EMD-22876,train
3J7H,EMD-5995,train
5AC9,EMD-3129,val
5AN9,EMD-3145,train
5LK7,EMD-4063,val
5MS1,EMD-3562,train
5ND1,EMD-3619,val
5OXE,EMD-3857,train
5UU5,EMD-8606,val
5XB1,EMD-6714,val
5YW7,EMD-6847,train
6AUI,EMD-7006,train
6C70,EMD-7352,train
6CAA,EMD-7441,train
6D83,EMD-7453,val
6E9E,EMD-9013,val
6EZJ,EMD-3999,train
6EZO,EMD-4162,train
6G9L,EMD-4366,val
6GSI,EMD-0056,train
6GYN,EMD-0093,train
6GYS,EMD-0096,val
6H3I,EMD-0133,val
6IIC,EMD-9673,train
6IWW,EMD-9743,val
6J0M,EMD-9764,train
6J6I,EMD-0688,val
6JBH,EMD-9790,train
6JBJ,EMD-9791,train
6JCW,EMD-9799,train
6JZO,EMD-9898,train
6LHS,EMD-0896,train
6M1D,EMD-30041,train
6MCB,EMD-9066,train
6N9U,EMD-0379,val
6NBD,EMD-0408,val
6OO7,EMD-20148,val
6PE2,EMD-20321,train
6PEV,EMD-20333,val
6PEW,EMD-20334,train
6PQR,EMD-20452,val
6PTJ,EMD-20471,val
6QV6,EMD-4645,train
6QVE,EMD-4650,train
6R7X,EMD-4746,val
6R81,EMD-4749,train
6RLA,EMD-4917,train
6RTC,EMD-4997,train
6S7P,EMD-10111,val
6SI7,EMD-10206,val
6SIC,EMD-10209,val
6T9J,EMD-10413,val
6TDX,EMD-10470,train
6TYI,EMD-20583,val
6U5O,EMD-20651,val
6URT,EMD-20862,val
6V03,EMD-20968,train
6V6D,EMD-21071,train
6VP9,EMD-21307,val
6VSJ,EMD-21377,val
6VXK,EMD-21442,val
6WAZ,EMD-21582,train
6WCA,EMD-21604,val
6WG3,EMD-21658,val
6WUC,EMD-21910,val
6XPD,EMD-22285,train
6Y9W,EMD-10739,train
6YBP,EMD-10770,train
6ZLT,EMD-11273,train
7BWR,EMD-30234,train
7BXU,EMD-30238,train
7CGP,EMD-9958,train
6GIY,EMD-0008,val
6GOV,EMD-0043,val
6GVE,EMD-0071,val
6GY6,EMD-0088,val
6HCY,EMD-0199,train
6HE4,EMD-0209,train
6HRA,EMD-0257,val
6HV8,EMD-0287,train
6NT5,EMD-0502,val
6O0H,EMD-0567,val
6O6R,EMD-0636,val
6KMF,EMD-0724,train
6KSW,EMD-0775,val
6L53,EMD-0836,val
6L7E,EMD-0843,train
6LN8,EMD-0927,val
6LTH,EMD-0968,val
4CI0,EMD-2513,val
5FN2,EMD-3237,val
6EZ8,EMD-3984,train
5LZP,EMD-4128,val
6F1V,EMD-4170,val
6G1K,EMD-4339,train
6QEL,EMD-4537,val
6RO4,EMD-4970,train
6ROW,EMD-4975,train
3J26,EMD-5495,train
3JCF,EMD-6551,train
5H3O,EMD-6656,val
5YX9,EMD-6856,train
5YYS,EMD-6859,train
5YZ0,EMD-6862,val
5Z1W,EMD-6877,val
6B5B,EMD-7055,train
6C9I,EMD-7436,val
6D6Q,EMD-7808,val
5TQW,EMD-8436,val
5WC0,EMD-8794,val
5WFE,EMD-8827,train
5WP6,EMD-8871,val
6DZ7,EMD-8931,train
6MLU,EMD-9146,train
6MRU,EMD-9213,train
6N23,EMD-9321,train
6NF6,EMD-9361,train
6NIL,EMD-9380,val
6OF4,EMD-20042,train
6P47,EMD-20245,train
6P6W,EMD-20265,val
6PYH,EMD-20524,train
6RWL,EMD-10041,val
6RWX,EMD-10045,val
6S2F,EMD-10089,train
6S3K,EMD-10092,train
6SJ7,EMD-10213,train
6SJB,EMD-10214,train
6SOF,EMD-10273,val
6SZA,EMD-10351,train
6T7S,EMD-10371,val
6TAQ,EMD-10424,val
6TG9,EMD-10495,val
6TQE,EMD-10549,train
6TSW,EMD-10567,train
6TTF,EMD-10575,val
6TY4,EMD-10616,val
6U62,EMD-20660,train
6U9E,EMD-20695,val
6UAN,EMD-20708,val
6UQG,EMD-20847,val
6UT4,EMD-20865,train
6UWM,EMD-20924,val
6V0C,EMD-20993,train
6V1I,EMD-21012,train
6V1Q,EMD-21015,val
6V9W,EMD-21128,train
6VTL,EMD-21381,train
6VWH,EMD-21416,train
6VXF,EMD-21436,train
6VXM,EMD-21444,val
6VYF,EMD-21458,val
6VZ1,EMD-21481,val
6W4O,EMD-21535,train
6W6V,EMD-21564,train
6X0L,EMD-21978,val
6X0V,EMD-21985,train
6XD3,EMD-22131,train
6XGQ,EMD-22182,val
6XJX,EMD-22216,val
6XMP,EMD-22260,train
6XT9,EMD-10617,val
6YGH,EMD-10800,train
6YGI,EMD-10803,val
6YMX,EMD-10847,val
6Z2Y,EMD-11052,train
6Z3Y,EMD-11066,val
6Z6G,EMD-11093,val
6ZIY,EMD-11231,val
6ZWM,EMD-11488,val
7BSS,EMD-30165,train
7BTO,EMD-30180,val
7CGN,EMD-30358,train
7JK2,EMD-22359,train
7JPK,EMD-22414,train
7JW1,EMD-22513,val
7KDT,EMD-22829,val
6ACF,EMD-9590,train
6AHR,EMD-9626,val
6JNA,EMD-9846,val
6K1H,EMD-9906,val
6M39,EMD-30071,val
